stt,batch,pair_id,ky_nang_A,mo_ta_A,taxonomy_A,ky_nang_B,mo_ta_B,taxonomy_B,span_A_truoc_B,span_B_truoc_A,nhan_Tuan,huong_Tuan,trung_gian_Tuan,nhan_Thu,huong_Thu,trung_gian_Thu,nhan,huong,trung_gian,ghi_chu
1,IAA_cho_phan_xu,http://data.europa.eu/esco/skill/5f5e9350-1d13-4391-b9e1-07f6b2047fc5__http://data.europa.eu/esco/skill/f78877d1-99f3-4649-addc-2d09c9183a1e,e-learning,The strategies and didactical methods of learning in which the main elements include the use of ICT technologies.,knowledge > sector-specific,advise on learning methods,"Provide advice to help students study in a way that suits them best, propose different techniques such as using visual highlighting or speaking out loud, and help them draw up summaries and create learning schedules.",skill/competence > sector-specific,e-learning. The strategies and didactical methods of learning in which the main elements include the use of ICT technologies.,"advise on learning methods. Provide advice to help students study in a way that suits them best, propose different techniques such as using visual highlighting or spe",0,none,,0,none,,0,none,,"Khop — giu, Hien soat mau"
2,IAA_cho_phan_xu,http://data.europa.eu/esco/skill/b5a7c34c-96f4-4136-9c6c-96a4d0f1df37__http://data.europa.eu/esco/skill/5e1ae060-3827-403b-b875-2f45a054ce03,methods of drying timber,"Be acquainted with methods of chamber drying timber, such as air and artificial drying.",knowledge > occupation-specific,acclimatise timber,"Acclimatise wooden materials to make sure they will not change size after installation, which may cause damage or produce an otherwise inadequate result. Leave the material in climatic circumstances very similar to those in the location where they will be used. Allow several days for the wood to acclimatise, depending on the type and circumstances.",skill/competence > cross-sector,,,0,none,,0,none,,0,none,,"Khop — giu, Hien soat mau"
3,IAA_cho_phan_xu,http://data.europa.eu/esco/skill/68e66ed6-a171-4350-8ec1-2cfc4cae50e4__http://data.europa.eu/esco/skill/8eebf05f-4495-4fd5-b1f0-cb85750295be,hydraulics,The power transmission systems that use the force of flowing liquids to transmit power.,knowledge > cross-sector,maintain hydraulic systems,Perform routine maintenance and repairs on systems which use pressurised fluids to provide power to machines and equipment.,skill/competence > cross-sector,,,3,none,,3,none,,3,none,,"Khop — giu, Hien soat mau"
4,IAA_cho_phan_xu,http://data.europa.eu/esco/skill/95ee5e38-5c1e-4cd2-a21d-6921390025a9__http://data.europa.eu/esco/skill/fd33c66c-70c4-40e6-b87c-5495bd3bf26e,usability engineering,The methods of assessing usability and deriving structured recommendations from the results of an usability test with respect to user needs and behaviours in order to achieve efficient and elegant user interface design.,knowledge > sector-specific,design user interface,"Create software or device components which enable interaction between humans and systems or machines, using appropriate techniques, languages and tools so as to streamline interaction while using the system or machine.",skill/competence > sector-specific,usability engineering. The methods of assessing usability and deriving structured recommendations from the results of an usability test with respect to user need,"design user interface. Create software or device components which enable interaction between humans and systems or machines, using appropriate techniques, langua",3,none,,3,none,,3,none,,"Khop — giu, Hien soat mau"
5,IAA_cho_phan_xu,http://data.europa.eu/esco/skill/dc3d679e-c46e-4ecd-881d-1d3aa0581525__http://data.europa.eu/esco/skill/fc2eea22-5bd1-4b78-aafe-4eb117c6bdd3,types of alarm systems,"Characteristics, price, workings and installation of various alarm systems such as landline, cellular or broadband, wired or wireless.",knowledge > occupation-specific,repair alarm system,"Following the investigation activity, reset and repair the alarm system in place in order to restore its functional properties for future use.",skill/competence > occupation-specific,,,3,none,,3,none,,3,none,,"Khop — giu, Hien soat mau"
6,IAA_cho_phan_xu,http://data.europa.eu/esco/skill/68e66ed6-a171-4350-8ec1-2cfc4cae50e4__http://data.europa.eu/esco/skill/33e63e00-43c8-42af-b66b-c10847111e99,hydraulics,The power transmission systems that use the force of flowing liquids to transmit power.,knowledge > cross-sector,maintain hydraulic press,Tend hydraulic press to extract oil from seeds.,skill/competence > occupation-specific,,,3,none,,3,none,,3,none,,"Khop — giu, Hien soat mau"
7,IAA_cho_phan_xu,http://data.europa.eu/esco/skill/4c1e403a-554d-4548-8a93-3d80ec625748__http://data.europa.eu/esco/skill/997ad9db-84cc-48af-af23-a7cb4bba35a3,electroplating,"The process of plating together different types of metals through hydrolysis, silver plating, chromium plating, or copper plating. Electroplating allows for the combination of different metals with different properties in product manufacturing.",knowledge > cross-sector,monitor electroplating baths,Control the temperature and changing composition of the solution composed of different chemical components and used to cover a surface with a thin layer of metal.,skill/competence > cross-sector,"monitor electroplating baths. Control the temperature and changing composition of the solution composed of different chemical components and used to cover a surfa | electroplating. The process of plating together different types of metals through hydrolysis, silver plating, chromium plating, or copper plating. Electro | ent types of metals through hydrolysis, silver plating, chromium plating, or copper plating. Electroplating allows for the combination of different metals with different properties in product manufacturing.",monitor electroplating baths. Control the temperature and changing composition of the solution composed of different chemical components and used to cover a surface wit,1,A_to_B,,1,A_to_B,,1,A_to_B,,"Khop — giu, Hien soat mau"
8,IAA_cho_phan_xu,http://data.europa.eu/esco/skill/42cb7669-c371-4903-9c0b-13db67b2e4bb__http://data.europa.eu/esco/skill/8327754d-3990-4056-b07e-4faa49cfcd26,emergent technologies,"The recent trends, developments and innovations in modern technologies such as biotechnology, artificial intelligence and robotics.",knowledge > cross-sector,innovate in ICT,"Create and describe new original research and innovation ideas within the field of information and communication technologies, compare to the emerging technologies and trends and plan the development of new ideas.",skill/competence > sector-specific,"emergent technologies. The recent trends, developments and innovations in modern technologies such as biotechnology, artificial intelligence and robotics.","innovate in ICT. Create and describe new original research and innovation ideas within the field of information and communication technologies, compare to",1,A_to_B,,1,A_to_B,,1,A_to_B,,"Khop — giu, Hien soat mau"
9,IAA_cho_phan_xu,http://data.europa.eu/esco/skill/41daf4d3-33b8-4199-b814-e54964d277b6__http://data.europa.eu/esco/skill/b4e4bee5-439e-4b2e-909a-50be1979b5ec,properties of textile materials,"The characteristics and properties of different textile and fabric materials. These include strength, flexibility, elasticity, softness, durability, heat insulation, low weight, water absorbency/repellence, dyeability and resistance to chemicals. Moreover, the influence of chemical composition and molecular arrangement of yarn and fibre properties and fabric structure on the physical properties of textile fabrics; the different fibre types; the materials used in different processes and the effec",knowledge > sector-specific,use weaving machine technologies,"Operate machines that enable weaving processes turning threads into fabrics. Setup weaving machine programmes for the machine to produce fabrics with the adequate pattern, colour and fabric density.",skill/competence > sector-specific,,,3,none,,3,none,,3,none,,"Khop — giu, Hien soat mau"
10,IAA_cho_phan_xu,http://data.europa.eu/esco/skill/02e1ca57-0715-438b-886d-f0f938ac3efc__http://data.europa.eu/esco/skill/d49d5b8b-f445-4534-84f7-4665adc9c198,sand blasting machine parts,"The various parts of a type of sand blasting machinery, their qualities and applications, such as a treadle, blast nozzle, dust collecter, filter, abrasive materials and others.",knowledge > occupation-specific,blast surface,"Blast a surface with sand, metal shot, dry ice or other blasting material to remove impurities or rough up a smooth surface.",skill/competence > cross-sector,"sand blasting machine parts. The various parts of a type of sand blasting machinery, their qualities and applications, such as a treadle, blast nozzle, dust collecter,","blast surface. Blast a surface with sand, metal shot, dry ice or other blasting material to remove impurities or rough up a smooth surface.",3,none,,1,A_to_B,,,,,LECH — can phan xu
11,IAA_cho_phan_xu,http://data.europa.eu/esco/skill/37533674-1751-4c5c-882f-f0ff935a8cae__http://data.europa.eu/esco/skill/9b5297a6-baa9-481d-b508-82287b0a6e5f,dip-coating process,"The various steps in the process of dipping a workpiece in a coating material solution, including immersion, start-up, deposition, drainage, and, possibly, evaporation.",knowledge > cross-sector,remove coating,"Remove the thin layer made of paint, lacquer, metal or other elements covering an object through chemical, mechanical or other processes.",skill/competence > cross-sector,,,0,none,,0,none,,0,none,,"Khop — giu, Hien soat mau"
12,IAA_cho_phan_xu,http://data.europa.eu/esco/skill/31c64efe-8ff9-4b10-bddc-eca2ad70860a__http://data.europa.eu/esco/skill/997ad9db-84cc-48af-af23-a7cb4bba35a3,electroplating processes,"The various metalworking processes using electric current to form metal coating on an electrode and on the workpiece, such as pulse electroplating, pulse electrodeposition, brush electroplating, and others.",knowledge > cross-sector,monitor electroplating baths,Control the temperature and changing composition of the solution composed of different chemical components and used to cover a surface with a thin layer of metal.,skill/competence > cross-sector,,,3,none,,3,none,,3,none,,"Khop — giu, Hien soat mau"
13,IAA_cho_phan_xu,http://data.europa.eu/esco/skill/204cd81a-b1f0-467c-8c5c-17e723eb62fd__http://data.europa.eu/esco/skill/14593aaa-def7-4766-ba88-03e89c8f51b7,operation of different engines,"The characteristics, maintenance requirements and operating procedures of various kinds of engines such as gas, diesel, electrical, and engines with steam propulsion plants.",knowledge > sector-specific,manage the operation of propulsion plant machinery,"Manage the operative mechanism of the marine diesel engines, steam turbines, gas turbines, and steam boilers.",skill/competence > sector-specific,"operation of different engines. The characteristics, maintenance requirements and operating procedures of various kinds of engines such as gas, diesel, electrical, and en","manage the operation of propulsion plant machinery. Manage the operative mechanism of the marine diesel engines, steam turbines, gas turbines, and steam boilers.",1,A_to_B,,1,A_to_B,,1,A_to_B,,"Khop — giu, Hien soat mau"
14,IAA_cho_phan_xu,http://data.europa.eu/esco/skill/1493ddb4-9a46-4e00-b9c8-d8e1c64e8f34__http://data.europa.eu/esco/skill/19c1237d-8760-4820-b245-9648ba7abf62,conditions for professional practice of clinical psychology,"The institutional, legal and psychosocial conditions for professional practice of clinical psychology with the aim to apply them in the exercise of the psychological profession in health care.",knowledge > sector-specific,apply clinical psychological treatment,Apply clinical psychological treatment for people of all ages and groups based on clinical psychological assessment.,skill/competence > sector-specific,"conditions for professional practice of clinical psychology. The institutional, legal and psychosocial conditions for professional practice of clinical psychology with the aim to apply them in the ex | for professional practice of clinical psychology. The institutional, legal and psychosocial conditions for professional practice of clinical psychology with the aim to apply them in the exercise of the psychological profession in health care.",apply clinical psychological treatment. Apply clinical psychological treatment for people of all ages and groups based on clinical psychological assessment.,1,A_to_B,,3,none,,,,,LECH — can phan xu
15,IAA_cho_phan_xu,http://data.europa.eu/esco/skill/ab1e97ed-2319-4293-a8b7-072d2648822f__http://data.europa.eu/esco/skill/4463a721-69f3-413d-8321-43e3af13a4f1,database management systems,"The tools for creating, updating and managing databases, such as Oracle, MySQL and Microsoft SQL Server.",knowledge > sector-specific,use databases,"Use software tools for managing and organising data in a structured environment which consists of attributes, tables and relationships in order to query and modify the stored data.",skill/competence > cross-sector,"database management systems. The tools for creating, updating and managing databases, such as Oracle, MySQL and Microsoft SQL Server.","use databases. Use software tools for managing and organising data in a structured environment which consists of attributes, tables and relationships in",1,A_to_B,,1,A_to_B,,1,A_to_B,,"Khop — giu, Hien soat mau"
16,IAA_cho_phan_xu,http://data.europa.eu/esco/skill/8df3dcf5-8ede-4e03-a69c-c8cf01eff429__http://data.europa.eu/esco/skill/23b355ee-94db-4831-b16d-935adc5de1cd,meat and meat products,"The offered meat and meat products, their properties and legal and regulatory requirements.",knowledge > sector-specific,prepare meat products for use in a dish,"Make meat products for use in a dish by cleaning, cutting or using other methods.",skill/competence > sector-specific,"meat and meat products. The offered meat and meat products, their properties and legal and regulatory requirements.","prepare meat products for use in a dish. Make meat products for use in a dish by cleaning, cutting or using other methods.",1,A_to_B,,3,none,,,,,LECH — can phan xu
17,IAA_cho_phan_xu,http://data.europa.eu/esco/skill/4b38ae9d-28a3-467f-a8bb-88ac4696d8cf__http://data.europa.eu/esco/skill/3592e67f-fff1-4a62-9f4e-96edcfe10152,equine dental diseases,"Prevention, diagnosis and treatment of dental diseases for horses.",knowledge > sector-specific,use equine dental equipment,"Ensure that equine dental equipment is maintained to high standards, prepared and assembled ready for use, including personal protective equipment with the aim of minimising risk of transmission of animal diseases.",skill/competence > occupation-specific,"equine dental diseases. Prevention, diagnosis and treatment of dental diseases for horses.","use equine dental equipment. Ensure that equine dental equipment is maintained to high standards, prepared and assembled ready for use, including personal protective e",3,none,,3,none,,3,none,,"Khop — giu, Hien soat mau"
18,IAA_cho_phan_xu,http://data.europa.eu/esco/skill/1ffdea5d-cd82-490f-bebe-22db7e0a5f45__http://data.europa.eu/esco/skill/31634929-4549-4109-b1ae-f56a068f546c,types of concrete pumps,The types of machines used to pump liquid concrete such as the boom concrete pumps used for large construction projects or line pumps generally used for small-scale works.,knowledge > sector-specific,operate concrete pumps,Operate the remote control of the robotic arm of a concrete pump while monitoring the pouring process.,skill/competence > sector-specific,types of concrete pumps. The types of machines used to pump liquid concrete such as the boom concrete pumps used for large construction projects or line pumps gene,operate concrete pumps. Operate the remote control of the robotic arm of a concrete pump while monitoring the pouring process.,1,A_to_B,,1,A_to_B,,1,A_to_B,,"Khop — giu, Hien soat mau"
19,IAA_cho_phan_xu,http://data.europa.eu/esco/skill/8df3dcf5-8ede-4e03-a69c-c8cf01eff429__http://data.europa.eu/esco/skill/d8a0bd55-b701-4284-b075-43c098ff1d77,meat and meat products,"The offered meat and meat products, their properties and legal and regulatory requirements.",knowledge > sector-specific,handle knives for meat processing activities,"Handle knives for meat processing activities. Use the correct knives and cutting instruments for meat preparations, prepared meat products, or meat products made by a butcher.",skill/competence > sector-specific,"meat and meat products. The offered meat and meat products, their properties and legal and regulatory requirements.","handle knives for meat processing activities. Handle knives for meat processing activities. Use the correct knives and cutting instruments for meat preparations, prepared meat products",1,A_to_B,,0,none,,,,,LECH — can phan xu
20,IAA_cho_phan_xu,http://data.europa.eu/esco/skill/f143bbc9-cc9d-4629-87d5-4d747838ddb3__http://data.europa.eu/esco/skill/e90c83be-ccb7-4752-af5e-7f58cd0ac399,strategies for handling cases of sexual assault,"The range of strategies and approaches utilised in the identification, termination, and prevention of instances of sexual assault. This incudes understanding of the methods and procedures used to recognise instances of sexual assault, the legal implications, and possible intervention and rehabilitation activities. Sexual assault includes all kinds of practice of forcing a person into sexual acts against their will or without their consent, as well as cases when children and minors are involved i",knowledge > sector-specific,facilitate the healing process related to sexual assault,"Intervene to support and facilitate the healing and growth of individuals who have experienced sexual assault by allowing them to recognise their memories and pain, identifying their influence on behaviour and learning to integrate them in their lives.",skill/competence > sector-specific,"strategies for handling cases of sexual assault. The range of strategies and approaches utilised in the identification, termination, and prevention of instances of sexual assault. This in",facilitate the healing process related to sexual assault. Intervene to support and facilitate the healing and growth of individuals who have experienced sexual assault by allowing them to recognis,1,A_to_B,,3,none,,,,,LECH — can phan xu
21,IAA_cho_phan_xu,http://data.europa.eu/esco/skill/a16e3fc6-c77d-46e3-aa18-c691fed47fd1__http://data.europa.eu/esco/skill/5b1fe532-70b3-40e4-8bb3-2cad8dc2d517,freight transport methods,"The different modalities of freight transport such as air, sea, or intermodal freight transport, including the details and procedures specific to them.",knowledge > cross-sector,adjust weight of cargo to capacity of freight transport vehicles,Adapt weight of cargo to capacity of freight transport vehicles. Oversee the maximum load capacity of the vehicle in question and the weight of each individual crate in the shipment.,skill/competence > sector-specific,"freight transport methods. The different modalities of freight transport such as air, sea, or intermodal freight transport, including the details and procedures spec",adjust weight of cargo to capacity of freight transport vehicles. Adapt weight of cargo to capacity of freight transport vehicles. Oversee the maximum load capacity of the vehicle in question and the weig,3,none,,3,none,,3,none,,"Khop — giu, Hien soat mau"
22,IAA_cho_phan_xu,http://data.europa.eu/esco/skill/53f5e93b-a7f7-4315-9130-857bd62e6ee4__http://data.europa.eu/esco/skill/5538b28d-7f3e-4645-a26d-c5de81edbace,applied music therapy,"The manifestations, symptoms and causes of illnesses and how they can be treated through music therapy.",knowledge > occupation-specific,apply music therapy treatment methods,"Use various active and receptive intervention techniques in music therapy such as singing, playing instruments, improvising or rhythmic based experiences.",skill/competence > sector-specific,"applied music therapy. The manifestations, symptoms and causes of illnesses and how they can be treated through music therapy.","apply music therapy treatment methods. Use various active and receptive intervention techniques in music therapy such as singing, playing instruments, improvising or rhythmic ba",1,A_to_B,,1,A_to_B,,1,A_to_B,,"Khop — giu, Hien soat mau"
23,IAA_cho_phan_xu,http://data.europa.eu/esco/skill/edff6d20-660d-4d33-b412-9a5b664a14be__http://data.europa.eu/esco/skill/06aac0bf-3bfd-42b3-a334-39c4f4055da0,curriculum objectives,The goals identified in curricula and defined learning outcomes.,knowledge > cross-sector,monitor curriculum implementation,Monitor the steps taken in educational institutions to implement the approved learning curriculum for said institution to ensure adherence and the use of proper teaching methods and resources.,skill/competence > sector-specific,curriculum objectives. The goals identified in curricula and defined learning outcomes.,monitor curriculum implementation. Monitor the steps taken in educational institutions to implement the approved learning curriculum for said institution to ensure adherence,1,A_to_B,,1,A_to_B,,1,A_to_B,,"Khop — giu, Hien soat mau"
24,IAA_cho_phan_xu,http://data.europa.eu/esco/skill/7244ccb8-d121-4462-b415-4d5930baace1__http://data.europa.eu/esco/skill/731ade90-4fdc-4509-9a1f-3f35a34f5141,screen printing process,"This consists of preparing the screen or image carrier, squeegee, and the ink. During this process, ink is pressed through a screen on a certain surface.",knowledge > sector-specific,operate screen printing press,"Operate a screen printing press to fabricate multiple copies of the designed screen, increasing production significantly.",skill/competence > occupation-specific,"screen printing process. This consists of preparing the screen or image carrier, squeegee, and the ink. During this process, ink is pressed through a screen on a c","operate screen printing press. Operate a screen printing press to fabricate multiple copies of the designed screen, increasing production significantly.",1,A_to_B,,1,A_to_B,,1,A_to_B,,"Khop — giu, Hien soat mau"
25,IAA_cho_phan_xu,http://data.europa.eu/esco/skill/edff6d20-660d-4d33-b412-9a5b664a14be__http://data.europa.eu/esco/skill/142a5319-60cb-42a2-891f-90ba92af18b1,curriculum objectives,The goals identified in curricula and defined learning outcomes.,knowledge > cross-sector,advise on curriculum development,Advise education professionals and officials on the development of new curricula or changes in existing curricula.,skill/competence > cross-sector,curriculum objectives. The goals identified in curricula and defined learning outcomes.,advise on curriculum development. Advise education professionals and officials on the development of new curricula or changes in existing curricula.,1,A_to_B,,1,A_to_B,,1,A_to_B,,"Khop — giu, Hien soat mau"
26,IAA_cho_phan_xu,http://data.europa.eu/esco/skill/705f5906-9b08-4562-9544-46f6ab944a7e__http://data.europa.eu/esco/skill/22fedbdc-8103-4ade-9c83-f0f861c8b900,forest conservation,The practice of planting and maintaining forested areas for preserving and protecting forests and the environment.,knowledge > cross-sector,maintain forest inventory,Recognise growing crops in forests and woodlands. Record their numbers in a formal inventory. Take measures applying the appropriate techniques.,skill/competence > sector-specific,forest conservation. The practice of planting and maintaining forested areas for preserving and protecting forests and the environment.,maintain forest inventory. Recognise growing crops in forests and woodlands. Record their numbers in a formal inventory. Take measures applying the appropriate techn,3,none,,3,none,,3,none,,"Khop — giu, Hien soat mau"
27,IAA_cho_phan_xu,http://data.europa.eu/esco/skill/6050ffaa-88b8-45d5-99c7-3fa882ea596a__http://data.europa.eu/esco/skill/b4e4bee5-439e-4b2e-909a-50be1979b5ec,manufacture woven fabrics,"Perform the operation, monitoring and maintenance of machines and processes to manufacture woven fabrics.",skill/competence > sector-specific,use weaving machine technologies,"Operate machines that enable weaving processes turning threads into fabrics. Setup weaving machine programmes for the machine to produce fabrics with the adequate pattern, colour and fabric density.",skill/competence > sector-specific,"manufacture woven fabrics. Perform the operation, monitoring and maintenance of machines and processes to manufacture woven fabrics. | oven fabrics. Perform the operation, monitoring and maintenance of machines and processes to manufacture woven fabrics.",use weaving machine technologies. Operate machines that enable weaving processes turning threads into fabrics. Setup weaving machine programmes for the machine to produce f,1,B_to_A,,1,B_to_A,,1,B_to_A,,"Khop — giu, Hien soat mau"
28,IAA_cho_phan_xu,http://data.europa.eu/esco/skill/d3e63bd9-cc29-4e46-92b1-c2b6fa491624__http://data.europa.eu/esco/skill/3818c3ab-c20b-404e-b59b-09ef2d34c263,principles of cargo stowage,"The principles of cargo stowage. The procedures by which containers should be efficiently loaded and unloaded, taking into account gravitational forces that are exerted during transportation.",knowledge > sector-specific,secure cargo in stowage,Secure cargo stowage with basic knowledge of stowing methods; ensure efficient and safe transport of goods.,skill/competence > sector-specific,"principles of cargo stowage. The principles of cargo stowage. The procedures by which containers should be efficiently loaded and unloaded, taking into account gravita",secure cargo in stowage. Secure cargo stowage with basic knowledge of stowing methods; ensure efficient and safe transport of goods.,1,A_to_B,,1,A_to_B,,1,A_to_B,,"Khop — giu, Hien soat mau"
29,IAA_cho_phan_xu,http://data.europa.eu/esco/skill/a4bead49-86a0-4849-8b6a-77cdcc157808__http://data.europa.eu/esco/skill/51927003-a757-4552-804f-c045e21fdaf2,manufacturer's instructions for audiovisual equipment,"Manufacturer's instructions required to install audio and video equipment, as specified in the user's manual.",knowledge > sector-specific,set up audiovisual peripheral equipment,"Set up audiovisual peripheral equipment such as tripods, cables, microphones, monitors, and others.",skill/competence > cross-sector,"manufacturer's instructions for audiovisual equipment. Manufacturer's instructions required to install audio and video equipment, as specified in the user's manual.","set up audiovisual peripheral equipment. Set up audiovisual peripheral equipment such as tripods, cables, microphones, monitors, and others.",1,A_to_B,,1,A_to_B,,1,A_to_B,,"Khop — giu, Hien soat mau"
30,IAA_cho_phan_xu,http://data.europa.eu/esco/skill/3a5275f4-67e5-4371-a31e-68291aa86691__http://data.europa.eu/esco/skill/ec7ec825-4d6d-4cd1-9993-a96c479e049e,vehicle electrical systems,"The vehicle electrical systems, including components such as the battery, starter, and alternator. The battery provides energy to the starter. The alternator provides the battery the energy it requires to power the vehicle.",knowledge > sector-specific,maintain vehicle electrical equipment,"Maintain and repair electrical equipment, switchboards, electric motors, generators and other electrical and electronic devices used in vehicles. Detect electric malfunctions, locate faults, and take measures to prevent damage. Operate electrical testing and measuring equipment. Interpret electrical and simple electronic diagrams.",skill/competence > occupation-specific,"vehicle electrical systems. The vehicle electrical systems, including components such as the battery, starter, and alternator. The battery provides energy to the star","maintain vehicle electrical equipment. Maintain and repair electrical equipment, switchboards, electric motors, generators and other electrical and electronic devices used in ve",1,A_to_B,,1,A_to_B,,1,A_to_B,,"Khop — giu, Hien soat mau"
31,IAA_cho_phan_xu,http://data.europa.eu/esco/skill/a16e3fc6-c77d-46e3-aa18-c691fed47fd1__http://data.europa.eu/esco/skill/5f8a6414-7095-410f-aee6-774cec68077e,freight transport methods,"The different modalities of freight transport such as air, sea, or intermodal freight transport, including the details and procedures specific to them.",knowledge > cross-sector,accommodate cargo in freight transport vehicle,"Properly position, cushion, restrain and balance cargo.",skill/competence > sector-specific,"freight transport methods. The different modalities of freight transport such as air, sea, or intermodal freight transport, including the details and procedures spec","accommodate cargo in freight transport vehicle. Properly position, cushion, restrain and balance cargo.",0,none,,3,none,,,,,LECH — can phan xu
32,IAA_cho_phan_xu,http://data.europa.eu/esco/skill/53f5e93b-a7f7-4315-9130-857bd62e6ee4__http://data.europa.eu/esco/skill/ba58df00-0b43-42a3-89e4-0dca7aa069fb,applied music therapy,"The manifestations, symptoms and causes of illnesses and how they can be treated through music therapy.",knowledge > occupation-specific,apply music therapy methods,"Apply existing music therapy methods, techniques, materials, and equipment in line with the patient`s therapeutic needs and the treatment plan already created.",skill/competence > sector-specific,"applied music therapy. The manifestations, symptoms and causes of illnesses and how they can be treated through music therapy.","apply music therapy methods. Apply existing music therapy methods, techniques, materials, and equipment in line with the patient`s therapeutic needs and the treatment",1,A_to_B,,1,A_to_B,,1,A_to_B,,"Khop — giu, Hien soat mau"
33,IAA_cho_phan_xu,http://data.europa.eu/esco/skill/574032f3-e427-49ad-8d88-2341ac6e1a7d__http://data.europa.eu/esco/skill/49fcd628-1025-4e11-9feb-a24f64d0fced,operate seismic equipment,Move seismic equipment to different locations. Utilise seismometers. Observe recording equipment in order to detect anomalies and irregularities. Process and interpret seismic data both in 2D as in 3D.,skill/competence > occupation-specific,seismic measurement techniques,Variety of seismic measurement and data-processing techniques. Seismic mapping in two or three dimensions.,knowledge > occupation-specific,operate seismic equipment. Move seismic equipment to different locations. Utilise seismometers. Observe recording equipment in order to detect anomalies and irregula,seismic measurement techniques. Variety of seismic measurement and data-processing techniques. Seismic mapping in two or three dimensions.,1,B_to_A,,1,B_to_A,,1,B_to_A,,"Khop — giu, Hien soat mau"
34,IAA_cho_phan_xu,http://data.europa.eu/esco/skill/da34f93c-c75d-49a6-9f8a-4ca2ac450694__http://data.europa.eu/esco/skill/11dc8e6b-dffa-42e4-9de1-c47293a848ff,control glass fibres flow,"Control and adjust the parameters to maintain the appropriate pressure, temperature and flow rate of the molten fibreglass through the spray jets.",skill/competence > occupation-specific,operate pumping equipment,"Operate pumping equipment and control oil and gas pumping systems. Manipulate control panels to adjust pressure and temperature, as well as to direct product flow rate and to monitor liquid circulation in petroleum refinery. Oversee gas and oil transport from wellheads to refineries or storage facilities.",skill/competence > sector-specific,"control glass fibres flow. Control and adjust the parameters to maintain the appropriate pressure, temperature and flow rate of the molten fibreglass through the spr","operate pumping equipment. Operate pumping equipment and control oil and gas pumping systems. Manipulate control panels to adjust pressure and temperature, as well a",0,none,,0,none,,0,none,,"Khop — giu, Hien soat mau"
35,IAA_cho_phan_xu,http://data.europa.eu/esco/skill/fd2930ce-cd21-4eb2-87f7-115c3d197e24__http://data.europa.eu/esco/skill/b25c3eb8-fd63-4d77-8308-7061dbd271c1,conserve water resource,Strive to conserve ground irrigation water. Meet with water conservation agencies and liaise with management on developments in conservation policy.,skill/competence > occupation-specific,conserve natural resources,Protect waters and natural resources and coordinate actions. Work with environmental agencies and resource management personnel.,skill/competence > sector-specific,conserve water resource. Strive to conserve ground irrigation water. Meet with water conservation agencies and liaise with management on developments in conservati,conserve natural resources. Protect waters and natural resources and coordinate actions. Work with environmental agencies and resource management personnel.,0,none,,3,none,,,,,LECH — can phan xu
36,IAA_cho_phan_xu,http://data.europa.eu/esco/skill/25410a05-6907-4a4e-ab99-f2ace65fdfce__http://data.europa.eu/esco/skill/ea3f280c-ec1c-41dd-910a-1ae3c3d0eeb6,ink printing plates,"Cover the plate with a thin coat of water and apply oil-based inks with a rubber roller, repelling and sticking the ink to the image area. This image can then further be transferred to paper in various printing processes.",skill/competence > sector-specific,offset printing,"Technological printing process where the ink is spread onto a plate with etched images, then to a rubber blanket, and finally onto the target medium, usually paper. This method is used for mass printing on large scales.",knowledge > sector-specific,"ink printing plates. Cover the plate with a thin coat of water and apply oil-based inks with a rubber roller, repelling and sticking the ink to the image area.","offset printing. Technological printing process where the ink is spread onto a plate with etched images, then to a rubber blanket, and finally onto the tar",1,B_to_A,,1,B_to_A,,1,B_to_A,,"Khop — giu, Hien soat mau"
37,IAA_cho_phan_xu,http://data.europa.eu/esco/skill/98bcf04e-1129-4364-85d4-18004808571b__http://data.europa.eu/esco/skill/f5db895c-533b-421b-8e7a-0ea39aadf3e5,mount clock wheelwork,Mount the wheelwork components of clocks and watches and attach with screws.,skill/competence > sector-specific,components of clocks,"Components present in clocks and watches, such as the wheelwork, battery, dials, and hands.",knowledge > sector-specific,mount clock wheelwork. Mount the wheelwork components of clocks and watches and attach with screws.,"mount clock wheelwork. Mount the wheelwork components of clocks and watches and attach with screws. | components of clocks. Components present in clocks and watches, such as the wheelwork, battery, dials, and hands.",1,B_to_A,,1,B_to_A,,1,B_to_A,,"Khop — giu, Hien soat mau"
38,IAA_cho_phan_xu,http://data.europa.eu/esco/skill/fe1c2b32-7fe9-4668-affa-07ff658a68cf__http://data.europa.eu/esco/skill/7e1f9657-ab4e-407c-842f-b846197060e3,identify ICT security risks,"Apply methods and techniques to identify potential security threats, security breaches and risk factors using ICT tools for surveying ICT systems, analysing risks, vulnerabilities and threats and evaluating contingency plans.",skill/competence > sector-specific,execute ICT audits,"Organise and execute audits in order to evaluate ICT systems, compliance of components of systems, information processing systems and information security. Identify and collect potential critical issues and recommend solutions based on required standards and solutions.",skill/competence > sector-specific,"identify ICT security risks. Apply methods and techniques to identify potential security threats, security breaches and risk factors using ICT tools for surveying ICT","execute ICT audits. Organise and execute audits in order to evaluate ICT systems, compliance of components of systems, information processing systems and info",3,none,,3,none,,3,none,,"Khop — giu, Hien soat mau"
39,IAA_cho_phan_xu,http://data.europa.eu/esco/skill/29cd7e7b-215c-483a-b67a-6bdad0647de9__http://data.europa.eu/esco/skill/bd698bbe-7003-4508-b422-46c2ff4d5e95,develop procurement strategy,"Design the procurement strategy and define the most appropriate and impactful procedure in order to reach the organisation's objectives and ensure genuine competition. Define element such as features, scope and duration of the procedure, division into lots, techniques and instruments for electronic submission and types of contract and contract performance clauses.",skill/competence > sector-specific,business strategy concepts,"The terminology related to the design and implementation of major trends and aims which are taken by an organisation's executives, while keeping in mind its resources, competition and environments.",knowledge > cross-sector,develop procurement strategy. Design the procurement strategy and define the most appropriate and impactful procedure in order to reach the organisation's objectives an,"business strategy concepts. The terminology related to the design and implementation of major trends and aims which are taken by an organisation's executives, while k",3,none,,1,B_to_A,,,,,LECH — can phan xu
40,IAA_cho_phan_xu,http://data.europa.eu/esco/skill/7f2c62b0-928a-4da2-a578-674940a14063__http://data.europa.eu/esco/skill/2daed3cc-2246-421f-beef-b7ed8eb8b4d5,crane load charts,Crane load charts detail the features of the crane and how its lift capacity varies depending on distance and angle.,knowledge > sector-specific,determine the load's centre of gravity,Establish the centre of gravity of the load moved by a crane or other machinery or equipment in order to ensure optimal and safe movement.,skill/competence > occupation-specific,crane load charts. Crane load charts detail the features of the crane and how its lift capacity varies depending on distance and angle.,determine the load's centre of gravity. Establish the centre of gravity of the load moved by a crane or other machinery or equipment in order to ensure optimal and safe movement.,0,none,,3,none,,,,,LECH — can phan xu
41,IAA_cho_phan_xu,http://data.europa.eu/esco/skill/17c9a790-5664-4673-8237-c4cf3c5a8da5__http://data.europa.eu/esco/skill/9e84a506-df06-4be3-874a-fa01293e3dd5,conduct impact evaluation of ICT processes on business,Evaluate the tangible consequences of the implementation of new ICT systems and functions on the current business structure and organisational procedures.,skill/competence > cross-sector,business processes,"Processes which an organisation applies to improve efficiency, set new objectives and reach goals in a profitable and timely manner.",knowledge > cross-sector,conduct impact evaluation of ICT processes on business. Evaluate the tangible consequences of the implementation of new ICT systems and functions on the current business structure and organisati,"business processes. Processes which an organisation applies to improve efficiency, set new objectives and reach goals in a profitable and timely manner.",1,B_to_A,,1,B_to_A,,1,B_to_A,,"Khop — giu, Hien soat mau"
42,IAA_cho_phan_xu,http://data.europa.eu/esco/skill/d04e4bde-05fa-499c-9237-1fe5e4560525__http://data.europa.eu/esco/skill/ef1e63c9-f8c1-46ad-8c74-3cea311c9377,secondary school procedures,"The inner workings of a secondary school, such as the structure of the relevant education support and management, the policies, and the regulations.",knowledge > cross-sector,special needs education,"The teaching methods, equipment and settings used to support students with special needs in achieving succes in school or community.",knowledge > cross-sector,"secondary school procedures. The inner workings of a secondary school, such as the structure of the relevant education support and management, the policies, and the re","special needs education. The teaching methods, equipment and settings used to support students with special needs in achieving succes in school or community.",0,none,,0,none,,0,none,,"Khop — giu, Hien soat mau"
43,IAA_cho_phan_xu,http://data.europa.eu/esco/skill/c4949dcf-bbcc-40f2-8584-6c6299beb7fb__http://data.europa.eu/esco/skill/6f728d63-5c45-40b3-8bfd-e17c5dba28ad,tend computer numerical control lathe machine,"Tend a computer numerical controlled (CNC) lathe and turn machine designed for cutting manufacturing processes on metal, wooden, plastic materials and others, monitor and operate it, according to regulations.",skill/competence > cross-sector,tend CNC grinding machine,"Tend a computer numerical controlled (CNC) grinding machine designed for manufacturing processes on metal, wooden, plastic materials and others, monitor and operate it, according to regulations.",skill/competence > cross-sector,"tend computer numerical control lathe machine. Tend a computer numerical controlled (CNC) lathe and turn machine designed for cutting manufacturing processes on metal, wooden, plastic m","tend CNC grinding machine. Tend a computer numerical controlled (CNC) grinding machine designed for manufacturing processes on metal, wooden, plastic materials and o",0,none,,0,none,,0,none,,"Khop — giu, Hien soat mau"
44,IAA_cho_phan_xu,http://data.europa.eu/esco/skill/786378b4-6661-4f51-b03c-3006a2bc2d62__http://data.europa.eu/esco/skill/0023e7a5-43da-4b68-bee3-726ef21f986d,monitor political conflicts,"Monitor the possibility and development of political conflicts in specific contexts, such as in or between political parties, governments, or between different countries, as well as identifying its potential impact on government operations, and public safety.",skill/competence > cross-sector,apply diplomatic principles,"Apply the processes involved in the creation of international treaties by conducting negotiations between representatives of different countries, protecting the home government's interests, and facilitating compromise.",skill/competence > cross-sector,"monitor political conflicts. Monitor the possibility and development of political conflicts in specific contexts, such as in or between political parties, governments,",apply diplomatic principles. Apply the processes involved in the creation of international treaties by conducting negotiations between representatives of different cou,0,none,,0,none,,0,none,,"Khop — giu, Hien soat mau"
45,IAA_cho_phan_xu,http://data.europa.eu/esco/skill/60493b7f-8613-431e-91ea-6a2c0410c6d4__http://data.europa.eu/esco/skill/1c45c221-6da5-4bba-a74f-0a0b1bbf890f,vehicle cargo capacity,"The capacity and the limits of the commissioned vehicle in terms of weight, type of cargo it can handle, and other cargo loading specifications.",knowledge > sector-specific,determine cargo loading sequence,Determine freight loading sequence aiming to increase the efficiency of operations. Arrange loading so that maximum amount of goods can be stored.,skill/competence > sector-specific,"vehicle cargo capacity. The capacity and the limits of the commissioned vehicle in terms of weight, type of cargo it can handle, and other cargo loading specifica",determine cargo loading sequence. Determine freight loading sequence aiming to increase the efficiency of operations. Arrange loading so that maximum amount of goods can be,1,A_to_B,,1,A_to_B,,1,A_to_B,,"Khop — giu, Hien soat mau"
46,IAA_cho_phan_xu,http://data.europa.eu/esco/skill/0b071b01-4b40-4936-9d6d-d8c5609481b4__http://data.europa.eu/esco/skill/48d73e89-b231-4bb4-9f3c-5c900a1e37a1,identify support mechanisms to develop your professional practice,Identify sources of support to develop your professional practice. Stay aware of current trends in funding that could support you to finance your professional development.,skill/competence > occupation-specific,manage personal professional development in sport,"Take responsibility for developing own knowledge, skills and competence to meet the current and future requirements of the work and to support personal and career development in sport.",skill/competence > sector-specific,identify support mechanisms to develop your professional practice. Identify sources of support to develop your professional practice. Stay aware of current trends in funding that could support you to finan,"manage personal professional development in sport. Take responsibility for developing own knowledge, skills and competence to meet the current and future requirements of the work and to sup",0,none,,3,none,,,,,LECH — can phan xu
47,IAA_cho_phan_xu,http://data.europa.eu/esco/skill/fd4abe0c-4c20-424d-b8b7-b2e6c2ceb344__http://data.europa.eu/esco/skill/60a63e4c-f71d-48ec-8b57-c1e059370478,provide genetic counselling,Provide patients affected by genetic diseases with support and help them manage their disease and improve their quality of life.,skill/competence > occupation-specific,analyse psychological aspects of illness,"Analyse the psychological impact of illness on individuals, close ones, and caregivers and use psychological interventions to promote self-management, helping patients cope with pain or illness, improve their quality of life and mitigate the effects of disability and handicap.",skill/competence > sector-specific,provide genetic counselling. Provide patients affected by genetic diseases with support and help them manage their disease and improve their quality of life.,"analyse psychological aspects of illness. Analyse the psychological impact of illness on individuals, close ones, and caregivers and use psychological interventions to promote self",3,none,,3,none,,3,none,,"Khop — giu, Hien soat mau"
48,IAA_cho_phan_xu,http://data.europa.eu/esco/skill/b22828a8-18e7-4639-8fbd-f2b33594382d__http://data.europa.eu/esco/skill/382c11ed-20d5-4ae7-b60e-15fec527fa6c,collect statistics on medical records,"Perform statistical analysis of various medical records of the healthcare facility, referring to the number of hospital admissions, discharges or waiting lists.",skill/competence > sector-specific,apply statistical analysis techniques,"Use models (descriptive or inferential statistics) and techniques (data mining or machine learning) for statistical analysis and ICT tools to analyse data, uncover correlations and forecast trends.",skill/competence > cross-sector,"collect statistics on medical records. Perform statistical analysis of various medical records of the healthcare facility, referring to the number of hospital admissions, discha",apply statistical analysis techniques. Use models (descriptive or inferential statistics) and techniques (data mining or machine learning) for statistical analysis and ICT tools,1,B_to_A,,1,B_to_A,,1,B_to_A,,"Khop — giu, Hien soat mau"
49,IAA_cho_phan_xu,http://data.europa.eu/esco/skill/4309a39d-af97-4e56-8d0e-5351b7b8dd01__http://data.europa.eu/esco/skill/87da57a8-ae40-41e3-998e-f517daa95c9a,develop chemical products,"Research and create new chemicals and plastics used in the production of a variety of goods such as pharmaceuticals, textile, building materials and household products.",skill/competence > cross-sector,handling chemical products for soil and plants,"Handling chemical products for soil and plants includes cleaning the equipment used for spreading and spraying, mixing of chemicals, preparing pesticides and herbicides for spraying, preparing fertilisers for spreading.",skill/competence > cross-sector,"develop chemical products. Research and create new chemicals and plastics used in the production of a variety of goods such as pharmaceuticals, textile, building mat","handling chemical products for soil and plants. Handling chemical products for soil and plants includes cleaning the equipment used for spreading and spraying, mixing of chemicals, prepa",0,none,,0,none,,0,none,,"Khop — giu, Hien soat mau"
50,IAA_cho_phan_xu,http://data.europa.eu/esco/skill/c8ab7e5b-b786-412f-a519-dfd93517b698__http://data.europa.eu/esco/skill/b0560439-14eb-41d1-aa53-1938efc24123,study media sources,"Study various media sources such as broadcasts, print media, and online media in order to gather inspiration for the development of creative concepts.",skill/competence > sector-specific,content marketing strategy,The process of creation and share of media and publishing content in order to acquire customers.,knowledge > cross-sector,"study media sources. Study various media sources such as broadcasts, print media, and online media in order to gather inspiration for the development of creati",content marketing strategy. The process of creation and share of media and publishing content in order to acquire customers.,0,none,,0,none,,0,none,,"Khop — giu, Hien soat mau"
51,IAA_cho_phan_xu,http://data.europa.eu/esco/skill/439e7bd6-3898-4579-941f-0ebb1e8e644f__http://data.europa.eu/esco/skill/37ba5509-9665-4947-a5ae-f124d5769473,strain paper on mould,"Adjust the paper to the size of the frame and insert a cover paper screen and grid on top of it. Strain the whole, and dump the paper pulp in the opening of the 'mould and deckle'. Distribute the paper pulp, let the water drain out on a metal sheet or cover and remove the mould without the grid.",skill/competence > occupation-specific,make paper slurry,Create paper slurry or pulp from recycled or used paper with water in mixers and blenders or other equipment. Add colors by adding papers in different colors.,skill/competence > occupation-specific,"strain paper on mould. Adjust the paper to the size of the frame and insert a cover paper screen and grid on top of it. Strain the whole, and dump the paper pulp",make paper slurry. Create paper slurry or pulp from recycled or used paper with water in mixers and blenders or other equipment. Add colors by adding papers,3,none,,3,none,,3,none,,"Khop — giu, Hien soat mau"
52,IAA_cho_phan_xu,http://data.europa.eu/esco/skill/1a160710-2143-496f-9dae-99814e69e65c__http://data.europa.eu/esco/skill/00e895f4-b9d3-4a1a-8c36-baf10fbfb982,use textile technique for hand-made products,"Using textile technique to produce hand-made products, such as carpets, tapestry, embroidery, lace, silk screen printing, wearing apparel, etc.",skill/competence > sector-specific,manufacture wearing apparel products,"Manufacture either mass-product or bespoke wearing apparels of various types, assembling and joining together wearing apparel components using processes such as sewing, gluing, bonding. Assemble wearing apparel components using stitches, seams such as collars, sleeves, top fronts, top backs, pockets.",skill/competence > sector-specific,"use textile technique for hand-made products. Using textile technique to produce hand-made products, such as carpets, tapestry, embroidery, lace, silk screen printing, wearing apparel,","manufacture wearing apparel products. Manufacture either mass-product or bespoke wearing apparels of various types, assembling and joining together wearing apparel components u",3,none,,0,none,,,,,LECH — can phan xu
53,IAA_cho_phan_xu,http://data.europa.eu/esco/skill/9d74924b-bb58-4998-9112-19da9238687b__http://data.europa.eu/esco/skill/ef069fe6-305b-4452-8f7d-0c572e98effc,develop footwear and leather goods marketing plans,"Be able to develop marketing plans and provide directions for marketing strategies of the company, as well as be able to identify potential markets and to perform marketing activities to promote the footwear products of the company.",skill/competence > sector-specific,mobile marketing,"The study of marketing which uses mobile devices as a communication channel. This approach can provide potential customers with personalised information (using location or time context) which promotes products, services or ideas.",knowledge > sector-specific,"develop footwear and leather goods marketing plans. Be able to develop marketing plans and provide directions for marketing strategies of the company, as well as be able to identify potentia",mobile marketing. The study of marketing which uses mobile devices as a communication channel. This approach can provide potential customers with personalis,0,none,,0,none,,0,none,,"Khop — giu, Hien soat mau"
54,IAA_cho_phan_xu,http://data.europa.eu/esco/skill/06e347f2-2504-4ee8-b7f7-8d9542f56207__http://data.europa.eu/esco/skill/130d8246-5d34-4cbf-93c6-c02990a26532,translate keywords into full texts,"Draft e-mails, letters and other written documents on the basis of keywords or key concepts outlining the content. Choose the appropriate format and language style according to the type of document.",skill/competence > cross-sector,type error-free documents,Type documents and written content in general avoiding any grammatical or spelling errors. Type documents in a fast pace without compromising the quality of the outcome.,skill/competence > cross-sector,"translate keywords into full texts. Draft e-mails, letters and other written documents on the basis of keywords or key concepts outlining the content. Choose the appropriate",type error-free documents. Type documents and written content in general avoiding any grammatical or spelling errors. Type documents in a fast pace without compromis,0,none,,3,none,,,,,LECH — can phan xu
55,IAA_cho_phan_xu,http://data.europa.eu/esco/skill/629c9139-8a87-447b-8f61-bfe678cf3e7c__http://data.europa.eu/esco/skill/3eefc2c7-d5a6-4340-9277-d908e4e0e1bd,types of maritime vessels,"Various types of maritime vessels such as container ships, passenger ships and fishing vessels, and their characteristics and specifications, security, technical, and maintenance requirements.",knowledge > sector-specific,ensure vessel security,Ensure that security requirements for vessels are met according to legal norms. Check if the security equipment is in place and operational. Communicate with marine engineers to ensure that the technical parts of the vessel functioning effectively and can perform as necessary for the upcoming journey.,skill/competence > sector-specific,"types of maritime vessels. Various types of maritime vessels such as container ships, passenger ships and fishing vessels, and their characteristics and specificatio",ensure vessel security. Ensure that security requirements for vessels are met according to legal norms. Check if the security equipment is in place and operationa,1,A_to_B,,3,none,,,,,LECH — can phan xu
56,IAA_cho_phan_xu,http://data.europa.eu/esco/skill/d874115e-2668-4619-a0a8-6022feb47aec__http://data.europa.eu/esco/skill/a379672f-0c83-4858-8bfc-8a68adc8030e,manufacturing of jewellery,"The manufacturing of different type of jewellery such as rings or necklaces out of various metal types such as silver, gold, diamond and other precious stones.",knowledge > sector-specific,build jewellery models,"Construct preliminary jewel models using wax, plaster or clay. Create sample castings in moulds.",skill/competence > sector-specific,,,3,none,,3,none,,3,none,,"Khop — giu, Hien soat mau"
57,IAA_cho_phan_xu,http://data.europa.eu/esco/skill/deed7f6d-328d-4f67-b74e-9b83180c1c5c__http://data.europa.eu/esco/skill/72aed9bf-33ba-474d-a02e-5ae3de2d5e05,microscopic techniques,"The techniques, functions and limitations of microscopy to visualise objects that cannot be seen with the normal eye.",knowledge > cross-sector,operate microscope,"Operate a microscope, an instrument used to see objects that are too small for the naked eye to see.",skill/competence > cross-sector,"microscopic techniques. The techniques, functions and limitations of microscopy to visualise objects that cannot be seen with the normal eye.","operate microscope. Operate a microscope, an instrument used to see objects that are too small for the naked eye to see.",1,A_to_B,,1,A_to_B,,1,A_to_B,,"Khop — giu, Hien soat mau"
58,IAA_cho_phan_xu,http://data.europa.eu/esco/skill/5548401e-dbe9-4603-9917-1c8b3e0ad4ad__http://data.europa.eu/esco/skill/f351292a-db64-4b8b-8029-5687290bddc1,soil mechanics,Thoroughly understand the characteristics of soil in relation to analysing the deformations of fluids within soil that supports man-made structures.,knowledge > sector-specific,investigate soil stability,"Collect soil samples from the railway site, using bores and test pits in order to determine ground stress capability and stability.",skill/competence > cross-sector,,,3,none,,3,none,,3,none,,"Khop — giu, Hien soat mau"
59,IAA_cho_phan_xu,http://data.europa.eu/esco/skill/1236128d-9bb4-4d94-bc1e-40fd14824280__http://data.europa.eu/esco/skill/8ee6763c-ca7b-4c0d-9208-b8f26f100e72,medicines,"The medicines, their nomenclature and the substances used in the manufacture of medicines.",knowledge > cross-sector,manufacture medicines,"Formulate and compound medicines performing pharmaceutical calculations, selecting the appropriate route of administration and dosage form for the medicine, the appropriate ingredients and excipients of the required quality standard, and preparing pharmaceutical products.",skill/competence > cross-sector,"manufacture medicines. Formulate and compound medicines performing pharmaceutical calculations, selecting the appropriate route of administration and dosage form | medicines. The medicines, their nomenclature and the substances used in the manufacture of medicines.","manufacture medicines. Formulate and compound medicines performing pharmaceutical calculations, selecting the appropriate route of administration and dosage form",1,A_to_B,,1,A_to_B,,1,A_to_B,,"Khop — giu, Hien soat mau"
60,IAA_cho_phan_xu,http://data.europa.eu/esco/skill/7f2c62b0-928a-4da2-a578-674940a14063__http://data.europa.eu/esco/skill/dcf821b6-812e-49de-a7a9-3643c35b13ce,crane load charts,Crane load charts detail the features of the crane and how its lift capacity varies depending on distance and angle.,knowledge > sector-specific,guide cranes,"Guide a crane operator in operating the crane. Stay in contact with the operator visually, vocally, or using communication equipment to make sure the crane operation is completed in a safe and efficient manner.",skill/competence > sector-specific,,,3,none,,3,none,,3,none,,"Khop — giu, Hien soat mau"
61,IAA_cho_phan_xu,http://data.europa.eu/esco/skill/7ee4c2ea-b349-4bd2-81a3-ec31475d4833__http://data.europa.eu/esco/skill/382c11ed-20d5-4ae7-b60e-15fec527fa6c,statistics,"The study of statistical theory, methods and practices such as collection, organisation, analysis, interpretation and presentation of data. It deals with all aspects of data including the planning of data collection in terms of the design of surveys and experiments in order to forecast and plan work-related activities.",knowledge > cross-sector,apply statistical analysis techniques,"Use models (descriptive or inferential statistics) and techniques (data mining or machine learning) for statistical analysis and ICT tools to analyse data, uncover correlations and forecast trends.",skill/competence > cross-sector,"apply statistical analysis techniques. Use models (descriptive or inferential statistics) and techniques (data mining or machine learning) for statistical analysis and ICT tools to analyse data, uncover correlations and forecast | statistics. The study of statistical theory, methods and practices such as collection, organisation, analysis, interpretation and presentation of data",apply statistical analysis techniques. Use models (descriptive or inferential statistics) and techniques (data mining or machine learning) for statistical analysis and ICT tools,1,A_to_B,,1,A_to_B,,1,A_to_B,,"Khop — giu, Hien soat mau"
62,IAA_cho_phan_xu,http://data.europa.eu/esco/skill/656ae836-2075-459f-8967-03706d4ac2bb__http://data.europa.eu/esco/skill/9775c2f8-6c1f-4fb8-8c03-c7081dafc0b5,parking regulations,The up-to-date regulations and enforcement procedures in parking activities.,knowledge > sector-specific,manage car park operations,Monitor car park activities and parked vehicles.,skill/competence > sector-specific,,,3,none,,3,none,,3,none,,"Khop — giu, Hien soat mau"
63,IAA_cho_phan_xu,http://data.europa.eu/esco/skill/3fa0a100-66ea-4bb3-a33e-2044d4a43df3__http://data.europa.eu/esco/skill/6bf4f085-82d2-4b21-9aa5-9c1f955becab,bakery ingredients,The raw materials and other ingredients used in baked goods.,knowledge > sector-specific,place orders for bakery ingredients,"Calculate and order proper amount of supplies and ingredients (flour, salt, butter,...) necessary for bakery activities.",skill/competence > occupation-specific,"place orders for bakery ingredients. Calculate and order proper amount of supplies and ingredients (flour, salt, butter,...) necessary for bakery activities. | bakery ingredients. The raw materials and other ingredients used in baked goods.","place orders for bakery ingredients. Calculate and order proper amount of supplies and ingredients (flour, salt, butter,...) necessary for bakery activities.",1,A_to_B,,1,A_to_B,,1,A_to_B,,"Khop — giu, Hien soat mau"
64,IAA_cho_phan_xu,http://data.europa.eu/esco/skill/63095511-1841-4483-8224-f31a30bcdb85__http://data.europa.eu/esco/skill/4f411d0f-e723-4815-b7f9-d0fc3540169d,legal standards in gambling,"The legal requirements, rules and limitations in gambling and betting activities.",knowledge > sector-specific,prevent money laundering in gambling,Take steps to prevent the abuse of the casino for avoiding taxation or obscuring the origin of money.,skill/competence > cross-sector,,,3,none,,3,none,,3,none,,"Khop — giu, Hien soat mau"
65,IAA_cho_phan_xu,http://data.europa.eu/esco/skill/ee6cf279-3609-4fcd-a6bd-c9da3757f027__http://data.europa.eu/esco/skill/21946b7e-7d3e-4ac8-b0c5-4734764f65a8,pultrusion process,"The process where a cluster of fibre is coated in resin and forced through a mold, then cured with heat to produce a fibre-reinforced polymer.",knowledge > occupation-specific,feed glass fibre into pultrusion machine,Make sure the glass fibre material is taken in by the pultrusion machine without jams or defects.,skill/competence > occupation-specific,"pultrusion process. The process where a cluster of fibre is coated in resin and forced through a mold, then cured with heat to produce a fibre-reinforced poly",feed glass fibre into pultrusion machine. Make sure the glass fibre material is taken in by the pultrusion machine without jams or defects.,1,A_to_B,,1,A_to_B,,1,A_to_B,,"Khop — giu, Hien soat mau"
66,IAA_cho_phan_xu,http://data.europa.eu/esco/skill/98d7a8fd-62a7-45eb-acfb-84531967bc5d__http://data.europa.eu/esco/skill/6f0b7ef6-3561-408c-973c-e5d3d7231ccb,variety of tobacco leaves,Types of tobacco cultivars and varieties and their characteristics. Connection of attributes with cigar or cigarettes product requirements.,knowledge > sector-specific,flavour tobacco leaves,Flavour tobacco leaves to set off the taste of tobacco and to maintain the quality of the product.,skill/competence > sector-specific,variety of tobacco leaves. Types of tobacco cultivars and varieties and their characteristics. Connection of attributes with cigar or cigarettes product requirements,flavour tobacco leaves. Flavour tobacco leaves to set off the taste of tobacco and to maintain the quality of the product.,1,A_to_B,,3,none,,,,,LECH — can phan xu
67,IAA_cho_phan_xu,http://data.europa.eu/esco/skill/604671e1-89a6-42a0-a3a2-075e52899131__http://data.europa.eu/esco/skill/75719644-f285-4060-b42b-9ed9c4a70375,laboratory methods in biomedical sciences,"The types, characteristics and procedures of laboratory techniques used for a wide range of medical tests such as serological tests.",knowledge > cross-sector,validate biomedical analysis results,"Clinically validate the results of the biomedical analysis, according to the expertise and authorization level.",skill/competence > sector-specific,,,3,none,,3,none,,3,none,,"Khop — giu, Hien soat mau"
68,IAA_cho_phan_xu,http://data.europa.eu/esco/skill/15d76317-c71a-4fa2-aadc-2ecc34e627b7__http://data.europa.eu/esco/skill/1f6eac42-e5aa-4fa7-a75d-a4eea12c618e,communication,"The exchange and conveying of information, ideas, concepts, thoughts, and feelings through the use of a shared system of words, signs, and semiotic rules via a medium.",knowledge > cross-sector,disseminate internal communications,Disseminate internal communications using the different communication channels that a company has at its disposal.,skill/competence > cross-sector,,,3,none,,3,none,,3,none,,"Khop — giu, Hien soat mau"
69,IAA_cho_phan_xu,http://data.europa.eu/esco/skill/0f850624-ae28-47c2-ab80-484290a96aea__http://data.europa.eu/esco/skill/29d762da-1711-4a3c-b424-f0a404f4bf2d,metal and metal ore products,"The offered metal and metal ore products, their functionalities, properties and legal and regulatory requirements.",knowledge > sector-specific,join metals,Join together pieces of metal using soldering and welding materials.,skill/competence > sector-specific,,,3,none,,0,none,,,,,LECH — can phan xu
70,IAA_cho_phan_xu,http://data.europa.eu/esco/skill/a1bbc0e9-58d1-4bbc-bf68-de5679bef07f__http://data.europa.eu/esco/skill/88ba6ce6-d285-49ef-80db-07ecfaec03db,outdoor advertising,"Types and characteristics of advertising performed in the public domain such as on street furniture, public transportation vehicles, stations and airports and on billboards.",knowledge > sector-specific,examine advertisement layout,Examine and approve the layout of advertisements to ensure that they are according to customer and target audience requirements and specifications.,skill/competence > cross-sector,,,3,none,,3,none,,3,none,,"Khop — giu, Hien soat mau"
71,IAA_cho_phan_xu,http://data.europa.eu/esco/skill/4a92d8ce-ffd6-4da5-a50e-ef1bff5cc219__http://data.europa.eu/esco/skill/f28c3e9b-8666-48d4-a5e4-542ac193879b,government social security programmes,"The different areas of social security provided by the government, the different rights which citizens have, which benefits are available, the rules which regulate social security and the different situations in which they apply.",knowledge > cross-sector,advise on social security benefits,"Advise citizens on government-regulated benefits they are eligible for, such as unemployment benefits, family benefits, and other social security benefits.",skill/competence > cross-sector,"government social security programmes. The different areas of social security provided by the government, the different rights which citizens have, which benefits are available,","advise on social security benefits. Advise citizens on government-regulated benefits they are eligible for, such as unemployment benefits, family benefits, and other social s",1,A_to_B,,1,A_to_B,,1,A_to_B,,"Khop — giu, Hien soat mau"
72,IAA_cho_phan_xu,http://data.europa.eu/esco/skill/3eaa9732-ec2e-4057-81fc-5e8046511d07__http://data.europa.eu/esco/skill/0f6a4412-7517-4db9-bf3f-53597ff48f1e,casino policies,The policies and requirements that govern the activities of a casino.,knowledge > sector-specific,monitor casino finances,Monitor and review the finances and betting accounts of a casino.,skill/competence > sector-specific,casino policies. The policies and requirements that govern the activities of a casino.,monitor casino finances. Monitor and review the finances and betting accounts of a casino.,3,none,,3,none,,3,none,,"Khop — giu, Hien soat mau"
73,IAA_cho_phan_xu,http://data.europa.eu/esco/skill/6d97f20a-88b5-49b2-b34e-4c4476e535a6__http://data.europa.eu/esco/skill/53559aee-73ee-4fd2-9da9-57ddf1ed751f,inspect repaired tyres,Inspect the rebuffed and fully vulcanized tyres in order to detect if any flaws are still present.,skill/competence > cross-sector,map the mantle of the Earth,Study seismic waves in order to map the mantle of the Earth and detect tectonic movement.,skill/competence > occupation-specific,inspect repaired tyres. Inspect the rebuffed and fully vulcanized tyres in order to detect if any flaws are still present.,map the mantle of the Earth. Study seismic waves in order to map the mantle of the Earth and detect tectonic movement.,0,none,,0,none,,0,none,,"Khop — giu, Hien soat mau"
74,IAA_cho_phan_xu,http://data.europa.eu/esco/skill/51826e07-64c9-4d2c-9964-88cfbf131ad2__http://data.europa.eu/esco/skill/7d35602d-bc94-4975-aa7c-f4e8e05ce8e0,work as a team in a hazardous environment,"Work together with others in a dangerous, sometimes noisy, environment, such as a building on fire or metal forging facilities, in order to achieve a higher degree of efficiency while heeding the co-workers' safety.",skill/competence > cross-sector,cost management,"The process of planning, monitoring and adjusting the expenses and revenues of a business in order to achieve cost efficiency and capability.",knowledge > sector-specific,"work as a team in a hazardous environment. Work together with others in a dangerous, sometimes noisy, environment, such as a building on fire or metal forging facilities, in order t","cost management. The process of planning, monitoring and adjusting the expenses and revenues of a business in order to achieve cost efficiency and capabili",0,none,,0,none,,0,none,,"Khop — giu, Hien soat mau"
75,IAA_cho_phan_xu,http://data.europa.eu/esco/skill/bcef602c-c9d7-4251-98ba-ae92ba619689__http://data.europa.eu/esco/skill/9433da85-70fa-4a25-8f96-71fa59dd1989,understand different types of locks and their operation,Master various engineering constructions and functions of bridges and locks in the field of navigation. Conduct locking and entering procedures.,skill/competence > sector-specific,biology,"Tissues, cells, and functions of plant and animal organisms and their interdependencies and interactions with each other and the environment.",knowledge > cross-sector,understand different types of locks and their operation. Master various engineering constructions and functions of bridges and locks in the field of navigation. Conduct locking and entering proce,"biology. Tissues, cells, and functions of plant and animal organisms and their interdependencies and interactions with each other and the environme",0,none,,0,none,,0,none,,"Khop — giu, Hien soat mau"
76,IAA_cho_phan_xu,http://data.europa.eu/esco/skill/303a54a3-ff8a-4f29-b598-e54ce54c2b48__http://data.europa.eu/esco/skill/be48353d-25c7-4f86-bea9-7b9e248fbc6e,analyse legal evidence,"Analyse evidence, such as evidence in criminal cases, legal documentation regarding a case, or other documentation that can be regarded as evidence, in order to obtain a clear image of the case and reach resolutions.",skill/competence > cross-sector,interpret technical requirements,"Analyse, understand and apply the information provided regarding technical conditions.",skill/competence > sector-specific,"analyse legal evidence. Analyse evidence, such as evidence in criminal cases, legal documentation regarding a case, or other documentation that can be regarded as","interpret technical requirements. Analyse, understand and apply the information provided regarding technical conditions.",0,none,,0,none,,0,none,,"Khop — giu, Hien soat mau"
77,IAA_cho_phan_xu,http://data.europa.eu/esco/skill/27536739-c38b-45d2-9e96-1573b1d32fdd__http://data.europa.eu/esco/skill/07dcecd9-b629-40cf-aea9-dbd62e77f841,use packaging equipment,"Use fastening and packaging tools such as plastic strapping, applicators and adhesives, marking and labelling equipment, and tape.",skill/competence > sector-specific,use snow-removal equipment,"Use equipment such as shovels, snow rakes, snow blowers, ladders or aerial lifts to remove snow from various structures such as rooftops and other building structures and public spaces.",skill/competence > sector-specific,"use packaging equipment. Use fastening and packaging tools such as plastic strapping, applicators and adhesives, marking and labelling equipment, and tape.","use snow-removal equipment. Use equipment such as shovels, snow rakes, snow blowers, ladders or aerial lifts to remove snow from various structures such as rooftops a",0,none,,0,none,,0,none,,"Khop — giu, Hien soat mau"
78,IAA_cho_phan_xu,http://data.europa.eu/esco/skill/5f08605b-aa03-45ed-bc49-395477783a38__http://data.europa.eu/esco/skill/817aac8a-a0e2-46ad-adef-02338830e052,prevent fire in a performance environment,"Take steps to prevent fire in a performance environment. Make sure the space complies with fire safety rules, with sprinklers and fire extinguishers installed where necessary. Make sure staff are aware of fire prevention measures.",skill/competence > sector-specific,install stretch ceiling,Fix a stretch ceiling to the installed profiles. Heat the room to temporarily increase the stretchability of the material. Take care to prevent wrinkles or uneven stresses.,skill/competence > occupation-specific,"prevent fire in a performance environment. Take steps to prevent fire in a performance environment. Make sure the space complies with fire safety rules, with sprinklers and fire ext",install stretch ceiling. Fix a stretch ceiling to the installed profiles. Heat the room to temporarily increase the stretchability of the material. Take care to pr,0,none,,0,none,,0,none,,"Khop — giu, Hien soat mau"
79,IAA_cho_phan_xu,http://data.europa.eu/esco/skill/db036259-fc59-4bc4-9c7f-8c414c88f2c7__http://data.europa.eu/esco/skill/c3cb7aef-952f-4278-97da-e9f7ef230e5d,prepare surface for plastering,"Prepare the wall or other surface to be plastered. Make sure the wall is free of impurities and moisture, and is not too smooth as this will prevent proper adherence of the plastering materials. Decide whether an adhesive wall coating is called for, especially if the wall is damp or very porous.",skill/competence > cross-sector,coat food products,"Cover the surface of the food product with a coating: a preparation based on sugar, chocolate, or any other product.",skill/competence > sector-specific,"prepare surface for plastering. Prepare the wall or other surface to be plastered. Make sure the wall is free of impurities and moisture, and is not too smooth as this wi","coat food products. Cover the surface of the food product with a coating: a preparation based on sugar, chocolate, or any other product.",0,none,,0,none,,0,none,,"Khop — giu, Hien soat mau"
80,IAA_cho_phan_xu,http://data.europa.eu/esco/skill/59fe85c4-8202-46ac-b6a5-e28ea25d1848__http://data.europa.eu/esco/skill/c07a22bb-565e-4eb6-bb1e-a333b4297946,forecast account metrics,Make predictions on the movement of account measurements and data which give insight into an organisation's financial state in order to aid analyses and evaluate potential risks.,skill/competence > cross-sector,assess art therapy sessions,Evaluate the effectiveness of art therapy sessions to aid the planning of subsequent sessions.,skill/competence > sector-specific,forecast account metrics. Make predictions on the movement of account measurements and data which give insight into an organisation's financial state in order to ai,assess art therapy sessions. Evaluate the effectiveness of art therapy sessions to aid the planning of subsequent sessions.,0,none,,0,none,,0,none,,"Khop — giu, Hien soat mau"
